question_text,answer_choices
Calc Mar 2022 Reg Indiv Test.pdf,2022 March Regional Calc Indiv Test
Calc Mar 2022 Reg Indiv Ans and Sols.pdf,2022 March Regional Calc Indiv Ans and Sols
Stats Mar 2022 Reg Indiv Ans and Sols.pdf,2022 March Regional Stats Indiv Ans and Sols
Stats Mar 2022 Reg Indiv Test.pdf,2022 March Regional Stats Indiv Test
Prec Mar 2022 Reg Indiv Test.pdf,2022 March Regional Precalc Indiv Test
Prec Mar 2022 Reg Indiv Ans and Sols.pdf,2022 March Regional Precalc Indiv Ans and Sols
Geo Mar 2022 Reg Indiv Ans and Sols.pdf,2022 March Regional Geo Indiv Ans and Sols
Geo Mar 2022 Reg Indiv Test.pdf,2022 March Regional Geo Indiv Test
Alg 2 Mar 2022 Reg Indiv Ans and Sols.pdf,2022 March Regional Algebra 2 Indiv Ans and Sols
Alg 2 Mar 2022 Reg Indiv Test.pdf,2022 March Regional Algebra 2 Indiv Test
Alg 1 Mar 2022 Reg Indiv Ans and Sols.pdf,2022 March Regional Alg 1 Indiv Ans and Sols
Alg 1 Mar 2022 Reg Indiv Test.pdf,2022 March Regional Alg 1 Indiv Test
Geometry Individual.pdf,Geometry Indiv
Geometry Individual Solutions.pdf,Geometry Indiv Solutions
Calc Indiv.pdf,Calc Indiv
Calc Indiv Solutions.pdf,Calc Indiv Solutions
Precalc indiv.pdf,Precalc Indiv
Precalc indiv solutions.pdf,Precalc Indiv Solutions
Algebra 2 Indiv.pdf,Algebra 2 Indiv
Algebra 2 Indiv Solutions.pdf,Algebra 2 Indiv Solutions
Algebra 1 Indiv.pdf,Algebra 1 Indiv
Algebra 1 Indiv Solutions.pdf,Algebra 1 Indiv Solutions
Stats Jan 2022 Buchholz SW Indiv Ans and Sols.pdf,2022 January Statewide Stats Indiv Ans and Sols
Stats Jan 2022 Buchholz SW Indiv Test.pdf,2022 January Statewide Stats Indiv Test
Alg 2 Feb 2022 AHSPB SW Indiv Test.pdf,2022 February Statewide Algebra 2 Indiv Test
Alg 2 Feb 2022 AHSPB SW Indiv Ans and Sols.pdf,2022 February Statewide Algebra 2 Indiv Ans and Sols
Calc Feb 2022 AHSPB SW Indiv Ans & Sols.pdf,2022 February Statewide Calc Indiv Ans and Sols
Calc Feb 2022 AHSPB SW Indiv Test.pdf,2022 February Statewide Calc Indiv Test
Prec Feb 2022 AHSPB SW Indiv Ans & Sols.pdf,2022 February Statewide Precalc Indiv Ans and Sols
Prec Feb 2022 AHSPB SW Indiv Test.pdf,2022 February Statewide Precalc Indiv Test
Stats Feb 2022 AHSPB SW Indiv Ans and Sols.pdf,2022 February Statewide Stats Indiv Ans and Sols
Stats Feb 2022 AHSPB SW Indiv Test.pdf,2022 February Statewide Stats Indiv Test
Geo Feb 2022 AHSPB SW Indiv Test.pdf,2022 February Statewide Geo Indiv Test
Geo Feb 2022 AHSPB SW Indiv Ans & Sols.pdf,2022 February Statewide Geo Indiv Ans and Sols
Alg 1 Feb 2022 AHSPB SW Indiv Ans & Sols.pdf,2022 February Statewide Alg 1 Indiv Ans and Sols
Alg 1 Feb 2022 AHSPB SW Indiv Test.pdf,2022 February Statewide Alg 1 Indiv Test
Stats Feb 2022 Reg Indiv Ans and Sols.pdf,2022 February Regional Stats Indiv Ans and Sols
Stats Feb 2022 Reg Indiv Test.pdf,2022 February Regional Stats Indiv Test
Prec Feb 2022 Reg Indiv Test.pdf,2022 February Regional Precalc Indiv Test
Prec Feb 2022 Reg Indiv Ans and Sols.pdf,2022 February Regional Precalc Indiv Ans and Sols
Geo Feb 2022 Reg Indiv Test.pdf,2022 February Regional Geo Indiv Test
Geo Feb 2022 Reg Indiv Ans and Sols.pdf,2022 February Regional Geo Indiv Ans and Sols
Calc Feb 2022 Reg Indiv Ans and Sols.pdf,2022 February Regional Calc Indiv Ans and Sols
Calc Feb 2022 Reg Indiv Test.pdf,2022 February Regional Calc Indiv Test
Alg 2 Feb 2022 Reg Indiv Ans and Sols.pdf,2022 February Regional Algebra 2 Indiv Ans and Sols
Alg 2 Feb 2022 Reg Indiv Test.pdf,2022 February Regional Algebra 2 Indiv Test
Alg 1 Feb 2022 Reg Indiv Test Ans and Sols.pdf,2022 February Regional Alg 1 Indiv Test Ans and Sols
Alg 1 Feb 2022 Reg Indiv Test.pdf,2022 February Regional Alg 1 Indiv Test
Alg 2 Jan 2022 Reg Indiv Ans and Sols.pdf,2022 January Regional Algebra 2 Indiv Ans and Sols
Alg 2 Jan 2022 Reg Indiv Test.pdf,2022 January Regional Algebra 2 Indiv Test
Calc Jan 2022 Reg Indiv Ans and Sols.pdf,2022 Jan Regional Calc Indiv Ans and Sols
Calc Jan 2022 Reg Indiv Test.pdf,2022 Jan Regional Calc Indiv Test
Geo Jan 2022 Reg Indiv Ans and Sols.pdf,2022 Jan Regional Geo Indiv Ans and Sols
Geo Jan 2022 Reg Indiv Test.pdf,2022 Jan Regional Geo Indiv Test
Prec Jan 2022 Reg Indiv Test.pdf,2022 Jan Regional Precalc Indiv Test
Prec Jan 2022 Reg Indiv Ans and Sols.pdf,2022 Jan Regional Precalc Indiv Ans and Sols
Stats Jan 2022 Reg Indiv Test.pdf,2022 Jan Regional Stats Indiv Test
Stats Jan 2022 Reg Indiv Ans and Sols.pdf,2022 Jan Regional Stats Indiv Ans and Sols
Alg 1 Jan 2022 Reg Indiv Ans and Sols.pdf,2022 Jan Regional Alg 1 Indiv Ans and Sols
Alg 1 Jan 2022 Reg Indiv Test.pdf,2022 Jan Regional Alg 1 Indiv Test
Alg 2 Mar 2025 NSU SW Indiv Ans and Sols.pdf,2025 Mar Statewide Algebra 2 Indiv Ans and Sols
Alg 1 Mar 2025 NSU SW Indiv Ans and Sols.pdf,2025 Mar Statewide Alg 1 Indiv Ans and Sols
Prec Mar 2025 NSU SW Indiv Test.pdf,2025 Mar Statewide Precalc Indiv Test
Stats Mar 2025 NSU SW Indiv Ans and Sols.pdf,2025 Mar Statewide Stats Indiv Ans and Sols
Stats Mar 2025 NSU SW Indiv Test.pdf,2025 Mar Statewide Stats Indiv Test
Alg 1 Mar 2025 NSU SW Indiv Test.pdf,2025 Mar Statewide Alg 1 Indiv Test
Alg 2 Mar 2025 NSU SW Indiv Test.pdf,2025 Mar Statewide Algebra 2 Indiv Test
Prec Mar 2025 NSU SW Indiv Ans and Sols.pdf,2025 Mar Statewide Precalc Indiv Ans and Sols
Geo Mar 2025 Reg Indiv Ans and Sols.pdf,2025 Mar Regional Geo Indiv Ans and Sols
Geo Mar 2025 Reg Indiv Test.pdf,2025 Mar Regional Geo Indiv Test
Prec Mar 2025 Reg Indiv Test.pdf,2025 Mar Regional Precalc Indiv Test
Prec Mar 2025 Reg Indiv Ans and Sols.pdf,2025 Mar Regional Precalc Indiv Ans and Sols
Stats Mar 2025 Reg Indiv Test.pdf,2025 Mar Regional Stats Indiv Test
Stats Mar 2025 Reg Indiv Ans and Sols.pdf,2025 Mar Regional Stats Indiv Ans and Sols
Alg 1 Mar 2025 Reg Indiv Ans and Sols.pdf,2025 Mar Regional Alg 1 Indiv Ans and Sols
Alg 1 Mar 2025 Reg Indiv Test.pdf,2025 Mar Regional Alg 1 Indiv Test
Calc Mar 2025 Reg Indiv Test.pdf,2025 Mar Regional Calc Indiv Test
Calc Mar 2025 Reg Indiv Ans and Sols.pdf,2025 Mar Regional Calc Indiv Ans and Sols
Alg 2 Mar 2025 Reg Indiv Test.pdf,2025 Mar Regional Algebra 2 Indiv Test
Alg 2 Mar 2025 Reg Indiv Ans and Sols.pdf,2025 Mar Regional Algebra 2 Indiv Ans and Sols
Alg 1 Feb 2025 Reg Indiv Test.pdf,2025 Feb Regional Alg 1 Indiv Test
Alg 1 Feb 2025 Reg Indiv Ans and Sols.pdf,2025 Feb Regional Alg 1 Indiv Ans and Sols
Stats Feb 2025 Reg Indiv Ans and Sols.pdf,2025 Feb Regional Stats Indiv Ans and Sols
Geo Feb 2025 Reg Indiv Test.pdf,2025 Feb Regional Geo Indiv Test
Geo Feb 2025 Reg Indiv Ans and Sols.pdf,2025 Feb Regional Geo Indiv Ans and Sols
Alg 2 Feb 2025 Reg Indiv Ans and Sols.pdf,2025 Feb Regional Algebra 2 Indiv Ans and Sols
Stats Feb 2025 Reg Indiv Test.pdf,2025 Feb Regional Stats Indiv Test
Alg 2 Feb 2025 Reg Indiv Test.pdf,2025 Feb Regional Algebra 2 Indiv Test
Prec Feb 2025 Reg Indiv Ans and Sols.pdf,2025 Feb Regional Precalc Indiv Ans and Sols
Prec Feb 2025 Reg Indiv Test.pdf,2025 Feb Regional Precalc Indiv Test
Calc Feb 2025 Reg Indiv Ans and Sols.pdf,2025 Feb Regional Calc Indiv Ans and Sols
Calc Feb 2025 Reg Indiv Test.pdf,2025 Feb Regional Calc Indiv Test
Geo Feb 2025 KING SW Indiv Ans and Sols - With Corrections.pdf,2025 Feb Statewide Geo Indiv Ans and Sols
Prec Feb 2025 KING SW Indiv Ans and Sols - With Corrections.pdf,2025 Feb Statewide Precalc Indiv Ans and Sols
Calc Feb 2025 KING SW Indiv Ans and Sols - With Corrections.pdf,2025 Feb Statewide Calc Indiv Ans and Sols
Alg 2 Feb 2025 KING SW Indiv Ans and Sols - With Corrections.pdf,2025 Feb Statewide Algebra 2 Indiv Ans and Sols
Alg 1 Feb 2025 KING SW Indiv Ans and Sols - With Corrections.pdf,2025 Feb Statewide Alg 1 Indiv Ans and Sols
Prec Feb 2025 KING SW Indiv Test.pdf,2025 Feb Statewide Precalc Indiv Test
Calc Feb 2025 KING SW Indiv Test.pdf,2025 Feb Statewide Calc Indiv Test
Alg 2 Feb 2025 KING SW Indiv Test.pdf,2025 Feb Statewide Algebra 2 Indiv Test
Geo Feb 2025 KING SW Indiv Test.pdf,2025 Feb Regional Geometry Indiv Test
Alg 1 Feb 2025 KING SW Indiv Test.pdf,2025 Feb Regional Algebra 1 Indiv Test
Stats Feb 2025 KING SW Indiv Ans and Sols - With Corrections.pdf,2025 Feb Regional Statistics Indiv Ans and Sols
Stats Feb 2025 KING SW Indiv Test - With Corrections.pdf,2025 Feb Regional Statistics Indiv Test
KHS 2025 Precalc Indiv Feb SOL.pdf,2025 Feb Regional Precalc Indiv Sols
Stats Feb 2025 KING SW Indiv Ans and Sols.pdf,2025 Feb Regional Statistics Indiv Ans and Sols
2025 KHS Alg 1 Indiv Feb SOL.pdf,2025 Feb Regional Algebra 1 Indiv Sols
2025 KHS Geom Indiv Feb SOL.pdf,2025 Feb Regional Geometry Indiv Sols
Stats Feb 2025 KING SW Indiv Test-combined_1.pdf,2025 Feb Regional Statistics Indiv Test
Prec Jan 2025 Reg Indiv Ans and Sols.pdf,2025 Jan Regional Precalc Indiv Ans and Sols
Geo Jan 2025 Reg Indiv Ans and Sols.pdf,2025 Jan Regional Geometry Indiv Ans and Sols
Alg 1 Jan 2025 Reg Indiv Ans and Sols.pdf,2025 Jan Regional Algebra 1 Indiv Ans and Sols
Alg 2 Jan 2025 Reg Indiv Test.pdf,2025 Jan Regional Algebra 2 Indiv Test
Alg 2 Jan 2025 Reg Indiv Ans and Sols.pdf,2025 Jan Regional Algebra 2 Indiv Ans and Sols
Stats Jan 2025 Reg Indiv Ans and Sols.pdf,2025 Jan Regional Statistics Indiv Ans and Sols
Stats Jan 2025 Reg Indiv Test.pdf,2025 Jan Regional Statistics Indiv Test
Calc Jan 2025 Reg Indiv Ans and Sols.pdf,2025 Jan Regional Calc Indiv Ans and Sols
Calc Jan 2025 Reg Indiv Test.pdf,2025 Jan Regional Calc Indiv Test
Prec Jan 2025 Reg Indiv Test.pdf,2025 Jan Regional Precalc Indiv Test
Geo Jan 2025 Reg Indiv Test.pdf,2025 Jan Regional Geometry Indiv Test
Alg 1 Jan 2025 Reg Indiv Test.pdf,2025 Jan Regional Algebra 1 Indiv Test
Full_Algebra 1_Indiv_Maclay Regional January 2025.pdf,2025 Jan Regional Algebra 1 Indiv Test
Full_Precalculus_Indiv_Maclay Regional January 2025.pdf,2025 Jan Regional Precalc Indiv Test
Full_Statistics_Indiv_Maclay Regional January 2025.pdf,2025 Jan Regional Statistics Indiv Test
Full_Geometry_Indiv_Maclay Regional January 2025.pdf,2025 Jan Regional Geometry Indiv Test
Full_Algebra 2_Indiv_Maclay Regional January 2025.pdf,2025 Jan Regional Algebra 2 Indiv Test
Full_Calculus_Indiv_Maclay Regional January 2025.pdf,2025 Jan Regional Calc Indiv Test
Full_Statistics_Indiv_Orlando Science Regional January 2025.pdf,2025 Jan Regional Statistics Indiv Test
Full_Precalculus_Indiv_Orlando Science Regional January 2025.pdf,2025 Jan Regional Precalc Indiv Test
Full_Calculus_Indiv_Orlando Science Regional January 2025.pdf,2025 Jan Regional Calc Indiv Test
Full_Geometry_Indiv_Orlando Science Regional January 2025.pdf,2025 Jan Regional Geometry Indiv Test
Full_Algebra 1_Indiv_Orlando Science Regional January 2025.pdf,2025 Jan Regional Algebra 1 Indiv Test
Full_Algebra 2_Indiv_Orlando Science Regional January 2025.pdf,2025 Jan Regional Algebra 2 Indiv Test
Full_Precalculus_Indiv_Palm Harbor Regional January 2025.pdf,2025 Jan Regional Precalc Indiv Test
Full_Statistics_Indiv_Palm Harbor Regional January 2025.pdf,2025 Jan Regional Statistics Indiv Test
Full_Algebra 2_Indiv_Palm Harbor Regional January 2025.pdf,2025 Jan Regional Algebra 2 Indiv Test
Full_Geometry_Indiv_Palm Harbor Regional January 2025.pdf,2025 Jan Regional Geometry Indiv Test
Full_Calculus_Indiv_Palm Harbor Regional January 2025.pdf,2025 Jan Regional Calc Indiv Test
Full_Algebra 1_Indiv_Palm Harbor Regional January 2025.pdf,2025 Jan Regional Algebra 1 Indiv Test
Full_Statistics_Indiv_AHS Broward Region 5 January Regional 2025.pdf,2025 Jan Regional Statistics Indiv Test
Full_Precalculus_Indiv_AHS Broward Region 5 January Regional 2025.pdf,2025 Jan Regional Precalc Indiv Test
Full_Calculus_Indiv_AHS Broward Region 5 January Regional 2025.pdf,2025 Jan Regional Calc Indiv Test
Full_Algebra 2_Indiv_AHS Broward Region 5 January Regional 2025.pdf,2025 Jan Regional Algebra 2 Indiv Test
Full_Geometry_Indiv_AHS Broward Region 5 January Regional 2025.pdf,2025 Jan Regional Geometry Indiv Test
Full_Algebra 1_Indiv_AHS Broward Region 5 January Regional 2025.pdf,2025 Jan Regional Algebra 1 Indiv Test
Algebra I Individual Test - Chiles Statewide 2025.pdf,2025 Statewide Algebra 1 Indiv Test
Algebra I Individual Solutions - Chiles Statewide 2025.pdf,2025 Statewide Algebra 1 Indiv Sols
Algebra I Individual Answers - Chiles Statewide 2025.pdf,2025 Statewide Algebra 1 Indiv Ans
Algebra 2 Individual Answers and Solutions - Chiles Statewide 2025.pdf,2025 Statewide Algebra 2 Indiv Ans and Sols
Algebra 2 Individual Test - Chiles Statewide 2025.pdf,2025 Statewide Algebra 2 Indiv Test
Tallahassee Jan Alg 2 Individual Test.pdf,Unknown Jan Regional Algebra 2 Indiv Test
Tallahassee Jan Alg 2 Indiv SOLUTIONS.pdf,Unknown Jan Regional Algebra 2 Indiv Solutions
Calculus Individual Test - Chiles Statewide 2025.pdf,2025 Statewide Calculus Indiv Test
Calculus Individual Answers and Solutions - Chiles Statewide 2025.pdf,2025 Statewide Calculus Indiv Answers and Solutions
Calc Jan 2025 Statewide Indiv Test.pdf,2025 Jan Statewide Calculus Indiv Test
Calc Jan 2025 Statewide Indiv Ans and Sols.pdf,2025 Jan Statewide Calculus Indiv Answers and Solutions
Precalculus Individual Test - Chiles Statewide 2025.pdf,2025 Statewide Precalc Indiv Test
Precalculus Individual Solutions - Chiles Statewide 2025.pdf,2025 Statewide Precalc Indiv Solutions
Precalculus Individual Answers - Chiles Statewide 2025.pdf,2025 Statewide Precalc Indiv Answers
Stats Jan 2025 Chiles SW Indiv Ans and Sols.pdf,2025 Jan Statewide Stats Indiv Answers and Solutions
Stats Jan 2025 Chiles SW Indiv Test.pdf,2025 Jan Statewide Stats Indiv Test
Stats Jan 2025 Chiles SW Indiv Ans and Sols.pdf,2025 Jan Statewide Stats Indiv Answers and Solutions
Stats Jan 2025 Chiles SW Indiv Test.pdf,2025 Jan Statewide Stats Indiv Test
Geo Jan 2025 Statewide Indiv Ans and Sols.pdf,2025 Jan Statewide Geo Indiv Answers and Solutions
Geo Jan 2025 Statewide Indiv Test.pdf,2025 Jan Statewide Geo Indiv Test
Geo Jan 2025 Statewide Indiv Ans and Sols.pdf,2025 Jan Statewide Geo Indiv Answers and Solutions
Geo Jan 2025 Statewide Indiv Test.pdf,2025 Jan Statewide Geo Indiv Test
Nunn Dec 2024 Indiv Ans and Sols.pdf,2024 Dec Regional Unknown Indiv Answers and Solutions
Nunn Dec 2024 Indiv Test.pdf,2024 Dec Regional Unknown Indiv Test
Dostal Dec 2024 Indiv Test.pdf,2024 Dec Regional Unknown Indiv Test
Dostal Dec 2024 Indiv Ans and Sols.pdf,2024 Dec Regional Unknown Indiv Answers and Solutions
Hiller Dec 2024 Indiv Ans and Sols.pdf,2024 Dec Regional Unknown Indiv Answers and Solutions
Hiller Dec 2024 Indiv Test.pdf,2024 Dec Regional Unknown Indiv Test
Full_Nunn_Indiv_HDN 2024.pdf,2024 Unknown Regional Unknown Indiv Unknown
Full_Hiller_Indiv_HDN 2024.pdf,2024 Unknown Regional Unknown Indiv Unknown
Full_Dostal_Indiv_HDN 2024.pdf,2024 Unknown Regional Unknown Indiv Unknown
Alg 2 Mar 2024 Reg Indiv Test.pdf,2024 March Regional Algebra 2 Indiv Test
Alg 2 Mar 2024 Reg Indiv Ans and Sols.pdf,2024 March Regional Algebra 2 Indiv Answers and Solutions
Stats Mar 2024 Reg Indiv Test.pdf,2024 March Regional Stats Indiv Test
Stats Mar 2024 Reg Indiv Ans and Sols.pdf,2024 March Regional Stats Indiv Answers and Solutions
2024 March Errata Sheet Precalc Indiv (ver2).pdf,2024 March Regional Precalc Indiv Errata Sheet
Prec Mar 2024 Reg Indiv Ans and Sols.pdf,2024 March Regional Precalc Indiv Answers and Solutions
Prec Mar 2024 Reg Indiv Test.pdf,2024 March Regional Precalc Indiv Test
Geo Mar 2024 Reg Indiv Test.pdf,2024 March Regional Geo Indiv Test
Geo Mar 2024 Reg Indiv Ans and Sols.pdf,2024 March Regional Geo Indiv Answers and Solutions
Calc Mar 2024 Reg Indiv Test.pdf,2024 March Regional Calculus Indiv Test
Calc Mar 2024 Reg Indiv Ans and Sols.pdf,2024 March Regional Calculus Indiv Answers and Solutions
Alg 1 Mar 2024 Reg Indiv Test.pdf,2024 March Regional Algebra 1 Indiv Test
Alg 1 Mar 2024 Reg Indiv Ans and Sols.pdf,2024 March Regional Algebra 1 Indiv Answers and Solutions
Alg 1 Feb 2024 Reg Indiv Ans and Sols.pdf,2024 Feb Regional Algebra 1 Indiv Answers and Solutions
Stats Feb 2024 Reg Indiv Ans and Sols.pdf,2024 Feb Regional Stats Indiv Answers and Solutions
Stats Feb 2024 Reg Indiv Test.pdf,2024 Feb Regional Stats Indiv Test
Calc Feb 2024 Reg Indiv Test.pdf,2024 Feb Regional Calculus Indiv Test
Calc Feb 2024 Reg Indiv Ans and Sols.pdf,2024 Feb Regional Calculus Indiv Answers and Solutions
Prec Feb 2024 Reg Indiv Ans and Sols.pdf,2024 Feb Regional Precalc Indiv Answers and Solutions
Prec Feb 2024 Reg Indiv Test.pdf,2024 Feb Regional Precalc Indiv Test
Geo Feb 2024 Reg Indiv Test.pdf,2024 Feb Regional Geo Indiv Test
Geo Feb 2024 Reg Indiv Ans and Sols.pdf,2024 Feb Regional Geo Indiv Answers and Solutions
Alg 2 Feb 2024 Reg Indiv Test.pdf,2024 Feb Regional Algebra 2 Indiv Test
Alg 2 Feb 2024 Reg Indiv Ans and Sols.pdf,2024 Feb Regional Algebra 2 Indiv Answers and Solutions
Alg 1 Feb 2024 Reg Indiv Test.pdf,2024 Feb Regional Algebra 1 Indiv Test
Alg 2 Jan 2024 Reg Indiv Ans and Sols.pdf,2024 Jan Regional Algebra 2 Indiv Ans and Sols
Prec Jan 2024 Reg Indiv Ans and Sols.pdf,2024 Jan Regional Precalc Indiv Ans and Sols
Prec Jan 2024 Reg Indiv Test.pdf,2024 Jan Regional Precalc Indiv Test
Geo Jan 2024 Reg Indiv Ans and Sols.pdf,2024 Jan Regional Geo Indiv Ans and Sols
Geo Jan 2024 Reg Indiv Test.pdf,2024 Jan Regional Geo Indiv Test
Stats Jan 2024 Reg Indiv Test.pdf,2024 Jan Regional Stats Indiv Test
Stats Jan 2024 Reg Indiv Ans and Sols.pdf,2024 Jan Regional Stats Indiv Ans and Sols
Calc Jan 2024 Reg Indiv Test.pdf,2024 Jan Regional Calc Indiv Test
Calc Jan 2024 Reg Indiv Ans and Sols.pdf,2024 Jan Regional Calc Indiv Ans and Sols
Alg 2 Jan 2024 Reg Indiv Test.pdf,2024 Jan Regional Algebra 2 Indiv Test
Alg 1 Jan 2024 Reg Indiv Test.pdf,2024 Jan Regional Algebra 1 Indiv Test
Alg 1 Jan 2024 Reg Indiv Ans and Sols.pdf,2024 Jan Regional Algebra 1 Indiv Ans and Sols
Dostal Dec 2023 Indiv Test.pdf,2023 Dec Dostal Indiv Test
Dostal Dec 2023 Indiv Ans and Sols.pdf,2023 Dec Dostal Indiv Ans and Sols
Hiller Dec 2023 Indiv Solutions.pdf,2023 Dec Hiller Indiv Solutions
Hiller Dec 2023 Indiv Test.pdf,2023 Dec Hiller Indiv Test
Nunn Dec 2023 Indiv Test.pdf,2023 Dec Nunn Indiv Test
Nunn Dec 2023 Indiv Ans and Sols.pdf,2023 Dec Nunn Indiv Ans and Sols
Alg 2 Jan 1324 BC SW Indiv Ans and Sols.pdf,1324 Jan Statewide Algebra 2 Indiv Ans and Sols
Alg 1 Jan 1324 BC SW Indiv Ans and Sols With Errata.pdf,1324 Jan Statewide Algebra 1 Indiv Ans and Sols With Errata
Geo Jan 1324 BC SW Indiv Ans and Sols With Errata.pdf,1324 Jan Statewide Geo Indiv Ans and Sols With Errata
Stats Jan 1324 BC SW Indiv Test.pdf,1324 Jan Statewide Stats Indiv Test
Stats Jan 1324 BC SW Indiv Ans and Sols.pdf,1324 Jan Statewide Stats Indiv Ans and Sols
Geo Jan 1324 BC SW Indiv Test.pdf,1324 Jan Statewide Geo Indiv Test
Alg 1 Jan 1324 BC SW Indiv Test.pdf,1324 Jan Statewide Algebra 1 Indiv Test
Alg 2 Jan 1324 BC SW Indiv Test.pdf,1324 Jan Statewide Algebra 2 Indiv Test
Alg 1 Mar 2024 NSU SW Indiv Test.pdf,2024 March Statewide Algebra 1 Indiv Test
Alg 1 Mar 2024 NSU SW Indiv Ans and Sols.pdf,2024 March Statewide Algebra 1 Indiv Ans and Sols
Geo Mar 2024 NSU SW Indiv Ans and Sols.pdf,2024 March Statewide Geo Indiv Ans and Sols
Geo Mar 2024 NSU SW Indiv Test.pdf,2024 March Statewide Geo Indiv Test
Alg 2 Mar 2024 NSU SW Team Indiv Test with Ans and Sols and Errata.pdf,2024 March Statewide Algebra 2 Team Indiv Test with Ans and Sols and Errata
Calc Mar 2024 NSU SW Indiv Ans and Sols.pdf,2024 March Statewide Calc Indiv Ans and Sols
Calc Mar 2024 NSU SW Indiv Test V3.pdf,2024 March Statewide Calc Indiv Test V3
Stats Mar 2024 NSU SW Indiv Ans and Sols.pdf,2024 March Statewide Stats Indiv Ans and Sols
Stats Mar 2024 NSU SW Indiv Test.pdf,2024 March Statewide Stats Indiv Test
Calc Feb 2024 KING SW Indiv Ans and Sols with ERRATA.pdf,2024 Feb Statewide Calc Indiv Ans and Sols with ERRATA
Calc Feb 2024 KING SW Indiv Test.pdf,2024 Feb Statewide Calc Indiv Test
Alg 2 Feb 2024 KING SW Indiv Ans and Sols with ERRATA.pdf,2024 Feb Statewide Algebra 2 Indiv Ans and Sols with ERRATA
Alg 2 Feb 2024 KING SW Indiv Test.pdf,2024 Feb Statewide Algebra 2 Indiv Test
Prec Feb 2024 KING SW Indiv Ans and Sols with ERRATA.pdf,2024 Feb Statewide Precalc Indiv Ans and Sols with ERRATA
Prec Feb 2024 KING SW Indiv Test.pdf,2024 Feb Statewide Precalc Indiv Test
Geo Feb 2024 KING SW Indiv Test.pdf,2024 Feb Statewide Geo Indiv Test
Geo Feb 2024 KING SW Indiv Ans and Sols.pdf,2024 Feb Statewide Geo Indiv Ans and Sols
Alg 1 Feb 2024 KING SW Indiv Ans and Sols with ERRATA.pdf,2024 Feb Statewide Algebra 1 Indiv Ans and Sols with ERRATA
Alg 1 Feb 2024 KING SW Indiv Test.pdf,2024 Feb Statewide Algebra 1 Indiv Test
Stats Feb 2024 KING SW Indiv Ans and Sols.pdf,2024 Feb Statewide Stats Indiv Ans and Sols
Stats Feb 2024 KING SW Indiv Test.pdf,2024 Feb Statewide Stats Indiv Test
Alpha Indiv Solutions.pdf,Alpha Indiv Solutions
Alpha Indiv.pdf,Alpha Indiv
March 2023 Theta Individual Solutions.pdf,2023 March Regional Individual Solutions
March 2023 Theta Individual Test.pdf,2023 March Regional Individual Test
Stats Mar 2023 Reg Indiv Test.pdf,2023 March Regional Individual Stats Test
Stats Mar 2023 Reg Indiv Ans and Sols.pdf,2023 March Regional Individual Stats Answer and Solutions
Calc Mar 2023 Reg Indiv Test.pdf,2023 March Regional Individual Calc Test
Calc Mar 2023 Reg Indiv Ans and Sols.pdf,2023 March Regional Individual Calc Answer and Solutions
Geo Mar 2023 Reg Indiv Test.pdf,2023 March Regional Individual Geo Test
Geo Mar 2023 Reg Indiv Ans and Sols.pdf,2023 March Regional Individual Geo Answer and Solutions
Alg 2 Mar 2023 Reg Indiv Test.pdf,2023 March Regional Individual Algebra 2 Test
Alg 2 Mar 2023 Reg Indiv Ans and Sols.pdf,2023 March Regional Individual Algebra 2 Answer and Solutions
Prec Mar 2023 Reg Indiv Test.pdf,2023 March Regional Individual Precalc Test
Prec Mar 2023 Reg Indiv Ans and Sols.pdf,2023 March Regional Individual Precalc Answer and Solutions
Alg 1 Mar 2023 Reg Indiv Test.pdf,2023 March Regional Individual Algebra 1 Test
Alg 1 Mar 2023 Reg Indiv Ans and Sols.pdf,2023 March Regional Individual Algebra 1 Answer and Solutions
Stats Feb 2023 NSU SW Indiv Ans and Sols.pdf,2023 Feb Statewide Individual Stats Answer and Solutions
StatisticsIndividualTestFinal.pdf,Regional Individual Stats Test
PrecalculusIndividualTestFinal.pdf,Regional Individual Precalc Test
Precal_ Feb 2023 NSU SW Indiv Test Solutions Final Review 1 K C.pdf,2023 Feb Statewide Individual Precalc Test Solutions
GeometryIndividualTestFinal.pdf,Regional Individual Geo Test
Geo Feb 2023 NSU SW Indiv Ans and Sols.pdf,2023 Feb Statewide Individual Geo Answer and Solutions
CalculusIndividualTestFinal.pdf,Regional Individual Calc Test
Calc_Feb 2023 NSU SW Indiv Test Sols.pdf,2023 Feb Statewide Individual Calc Test Solutions
Alg 2 Feb 2023 NSU SW Indiv Ans and Sols.pdf,2023 Feb Statewide Individual Algebra 2 Answer and Solutions
Algebra2IndividualTestFinal.pdf,Regional Individual Algebra 2 Test
Alg 1 Feb 2023 NSU SW Indiv Ans and Sols.pdf,2023 Feb Statewide Individual Algebra 1 Answer and Solutions
Algebra1IndividualTestFinal.pdf,Regional Individual Algebra 1 Test
Calc Feb 2023 Reg Indiv Test.pdf,2023 Feb Regional Individual Calc Test
Calc Feb 2023 Reg Indiv Ans and Sols.pdf,2023 Feb Regional Individual Calc Answer and Solutions
Prec Feb 2023 Reg Indiv Test.pdf,2023 Feb Regional Individual Precalc Test
Prec Feb 2023 Reg Indiv Ans and Sols.pdf,2023 Feb Regional Individual Precalc Answer and Solutions
Alg 2 Feb 2023 Reg Indiv Test.pdf,2023 Feb Regional Individual Algebra 2 Test
Alg 2 Feb 2023 Reg Indiv Ans and Sols.pdf,2023 Feb Regional Individual Algebra 2 Answer and Solutions
Stats Feb 2023 Reg Indiv Test.pdf,2023 Feb Regional Individual Stats Test
Stats Feb 2023 Reg Indiv Ans and Sols.pdf,2023 Feb Regional Individual Stats Answer and Solutions
Alg 1 Feb 2023 Reg Indiv Test.pdf,2023 Feb Regional Individual Algebra 1 Test
Alg 1 Feb 2023 Reg Indiv Ans and Sols.pdf,2023 Feb Regional Individual Algebra 1 Answer and Solutions
Geo Feb 2023 Reg Indiv Test.pdf,2023 Feb Regional Individual Geo Test
Geo Feb 2023 Reg Indiv Ans and Sols.pdf,2023 Feb Regional Individual Geo Answer and Solutions
Stats Jan 2023 Reg Indiv Test.pdf,2023 Jan Regional Individual Stats Test
Stats Jan 2023 Reg Indiv Ans and Sols.pdf,2023 Jan Regional Individual Stats Answer and Solutions
Calc Jan 2023 Reg Indiv Test.pdf,2023 Jan Regional Individual Calc Test
Calc Jan 2023 Reg Indiv Ans and Sols.pdf,2023 Jan Regional Individual Calc Answer and Solutions
Alg 1 Jan 2023 Reg Indiv Ans and Sols.pdf,2023 Jan Regional Individual Algebra 1 Answer and Solutions
Alg 1 Jan 2023 Reg Indiv Test.pdf,2023 Jan Regional Individual Algebra 1 Test
Alg 2 Jan 2023 Reg Indiv Test.pdf,2023 Jan Regional Individual Algebra 2 Test
Alg 2 Jan 2023 Reg Indiv Ans and Sols.pdf,2023 Jan Regional Individual Algebra 2 Answer and Solutions
Geo Jan 2023 Reg Indiv Ans and Sols.pdf,2023 Jan Regional Individual Geo Answer and Solutions
Geo Jan 2023 Reg Indiv Test.pdf,2023 Jan Regional Individual Geo Test
Prec Jan 2023 Reg Indiv Test.pdf,2023 Jan Regional Individual Precalc Test
Prec Jan 2023 Reg Indiv Ans and Sols.pdf,2023 Jan Regional Individual Precalc Answer and Solutions
Nunn Dec 2022 Indiv Test.pdf,2022 Dec Regional Algebra 2 Indiv Test
Nunn Dec 2022 Indiv Ans and Sols.pdf,2022 Dec Regional Algebra 2 Indiv Solutions
Hiller Dec 2022 Indiv Test.pdf,2022 Dec Regional Algebra 2 Indiv Test
Hiller Dec 2022 Indiv Ans and Sols.pdf,2022 Dec Regional Algebra 2 Indiv Solutions
Dostal Dec 2022 Indiv Test.pdf,2022 Dec Regional Algebra 2 Indiv Test
Dostal Dec 2022 Indiv Ans and Sols.pdf,2022 Dec Regional Algebra 2 Indiv Solutions
2025 Nationals Geometry Individual.pdf,2025 Nationals National Geometry Indiv
2025 Nationals Geometry Individual Solutions.pdf,2025 Nationals National Geometry Indiv Solutions
2025 Nationals Theta Individual.pdf,2025 Nationals National Precalc Indiv
2025 Nationals Theta Individual Solutions.pdf,2025 Nationals National Precalc Indiv Solutions
Nats 2025 Stats Indiv Test MRG-BR.pdf,2025 Nationals National Statistics Indiv Test
Nats 2025 Stats Indiv Ans and Sols MRG-BR.pdf,2025 Nationals National Statistics Indiv Solutions
2025 Nationals Mu Individual Solutions.pdf,2025 Nationals National Calculus Indiv Solutions
2025 Nationals Mu Individual.pdf,2025 Nationals National Calculus Indiv
Errata - Individual.pdf,Unknown Unknown Unknown Unknown Indiv Errata
Alpha Individual MAO Nationals 2025 - Solutions.pdf,2025 Nationals National Algebra 2 Indiv Solutions
Alpha Individual MAO Nationals 2025.pdf,2025 Nationals National Algebra 2 Indiv
2025 States Calculus Individual Solutions.pdf,2025 States Statewide Calculus Indiv Solutions
2025 States Calculus Individual.pdf,2025 States Statewide Calculus Indiv
2025 States Alpha Individual.pdf,2025 States Statewide Algebra 2 Indiv
2025 States Alpha Individual Solutions.pdf,2025 States Statewide Algebra 2 Indiv Solutions
Theta Individual FAMAT States 2025.pdf,2025 States Statewide Precalc Indiv
Theta Individual FAMAT States 2025 - Solutions.pdf,2025 States Statewide Precalc Indiv Solutions
States 2025 Stats Unplugged Indiv Test.pdf,2025 States Statewide Statistics Indiv Test
2025 FAMAT State Convention Statistics Individual.pdf,2025 States Statewide Statistics Indiv
2025 FAMAT State Convention Statistics Individual Answers.pdf,2025 States Statewide Statistics Indiv Solutions
2024 States Alpha Individual.pdf,2024 States Statewide Algebra 2 Indiv
2024 States Alpha Individual Solutions.pdf,2024 States Statewide Algebra 2 Indiv Solutions
States 2024 Stats Indiv Ans and Sols.pdf,2024 States Statewide Statistics Indiv Solutions
States 2024 Stats Indiv Test.pdf,2024 States Statewide Statistics Indiv Test
2024 States Calculus Individual Solutions.pdf,2024 States Statewide Calculus Indiv Solutions
2024 States Calculus Individual.pdf,2024 States Statewide Calculus Indiv
2024 States Theta Individual Solutions.pdf,2024 States Statewide Precalc Indiv Solutions
2024 States Theta Individual.pdf,2024 States Statewide Precalc Indiv
2023 States Alpha Individual Solutions.pdf,2023 States Statewide Algebra 2 Indiv Solutions
2023 States Alpha Individual.pdf,2023 States Statewide Algebra 2 Indiv
2023 Theta Individual.pdf,2023 States Statewide Precalc Indiv
2023 Theta Individual Answers and Solutions.pdf,2023 States Statewide Precalc Indiv Solutions
States 2023 Calculus Individual Solutions.pdf,2023 States Statewide Calculus Indiv Solutions
States 2023 Calculus Individual Test.pdf,2023 States Statewide Calculus Indiv Test
2022 Theta Individual Solutions.pdf,2022 States Statewide Precalc Indiv Solutions
2022 Theta Individual.pdf,2022 States Statewide Precalc Indiv
2022 States Calculus Individual - Test.pdf,2022 States Statewide Calculus Indiv Test
2022 States Calculus Individual - Solutions.pdf,2022 States Statewide Calculus Indiv Solutions
2022 States Alpha Individual Solutions.pdf,2022 States Statewide Algebra 2 Indiv Solutions
2022 States Alpha Individual.pdf,2022 States Statewide Algebra 2 Indiv
theta individual state 2018.pdf,2018 States Statewide Precalc Indiv
2018 States Calc Individual Solutions - Final.pdf,2018 States Statewide Calculus Indiv Solutions
2018 States Calc Individual Test - Final.pdf,2018 States Statewide Calculus Indiv Test
Alpha Individual State 2018.pdf,2018 States Statewide Algebra 2 Indiv
theta individual state 2017.pdf,2017 States Theta Individual
Theta individual state 2017 sol.pdf,2017 States Theta Individual Solutions
2017 States Calculus Individual - Test Only.pdf,2017 States Calculus Individual
2017 States Calculus Individual - Solutions.pdf,2017 States Calculus Individual Solutions
Alpha Indiv Part 1 Solutions.pdf,Alpha Individual Part 1 Solutions
Alpha Indiv Part 2.pdf,Alpha Individual Part 2
Alpha Indiv Part 2 Solutions.pdf,Alpha Individual Part 2 Solutions
Alpha Indiv Part 1.pdf,Alpha Individual Part 1
Theta Individual State 2019.pdf,2019 States Theta Individual
Theta Individual State 2019 solutions.pdf,2019 States Theta Individual Solutions
Mu Individual.pdf,Mu Individual
Mu Individual Solutions.pdf,Mu Individual Solutions
Alpha_Indiv_States_2019_final.pdf,2019 States Alpha Individual
Alpha_Indiv_States_2019_final-sols.pdf,2019 States Alpha Individual Solutions
States 2021 Theta Indiv Solutions.pdf,2021 States Theta Individual Solutions
States 2021 Theta Indiv.pdf,2021 States Theta Individual
T_Calculus_Individual_States_2021.pdf,2021 States Calculus Individual
S_Calculus_Individual_States_2021.pdf,2021 States Calculus Individual
S_Alpha_Individual_States_2021.pdf,2021 States Alpha Individual
T_Alpha_Individual_States_2021.pdf,2021 States Alpha Individual
Theta Individual - States 2016 - Test Only.pdf,2016 States Theta Individual
Calculus Individual - States 2016 - Test Only.pdf,2016 States Calculus Individual
Alpha Individual - States 2016 - Test Only.pdf,2016 States Alpha Individual
